fixture_id,event_id,avg_offense_distance_to_goal,avg_defense_distance_to_goal,shooter_distance_to_goal,shooter_distance_to_goalkeeper,goalkeeper_distance_to_goal,ball_distance_to_goal,ball_distance_to_goalkeeper,shot_angle_to_goal,ball_angle_to_goal,angle_ball_to_goalkeeper
02ea68cb-5ca6-11f0-a329-51a43a77a48d,1ad360e0-a778-11f0-9f92-413ac7416675,26.217087084060605,9.895074592738657,7.118076495795757,4.264630581891003,2.8754590937796354,6.90402925833893,4.033874688187524,5.867804676424257,5.8558548078987815,0.03308252858475516
02ea68cb-5ca6-11f0-a329-51a43a77a48d,335332d1-a778-11f0-9f92-413ac7416675,12.757253630208291,6.829126144572133,6.007139502292254,4.671036822804975,1.3490292806310786,5.513089968429683,4.164061118667687,0.42577293855793147,0.4302200376191999,0.0002250309379761772
02ea68cb-5ca6-11f0-a329-51a43a77a48d,3b5bee41-a778-11f0-9f92-413ac7416675,15.654324552774112,8.485499768396235,7.530688481141681,5.203299818384484,2.3273886654360068,6.805411964018049,4.479139426273758,0.2617333774813506,0.29878830743021023,0.013053678300923882
02ea68cb-5ca6-11f0-a329-51a43a77a48d,528223a1-a778-11f0-9f92-413ac7416675,12.981232169523734,8.24667189090544,6.37949504271302,3.649319936645731,2.733243677391388,5.831691521334098,3.203330298298944,0.273914647041277,0.3654760231084184,0.1737188409524511
02ea68cb-5ca6-11f0-a329-51a43a77a48d,6ac00a91-a778-11f0-9f92-413ac7416675,23.18581440833435,13.211506352604516,4.524188877577947,1.791662914724754,2.73719875054772,3.9435842833645633,1.6099888198369576,0.5640894530406464,0.533028777305748,0.5756675560091632
02ea68cb-5ca6-11f0-a329-51a43a77a48d,86bef121-a778-11f0-9f92-413ac7416675,13.031384150930164,6.900436164307614,9.527185628505409,7.969073848321398,1.5600256408149182,8.268359450338382,6.728152792557556,0.21311244702354692,0.2707854902875847,0.033235345096528535
02ea68cb-5ca6-11f0-a329-51a43a77a48d,a3fbaee1-a778-11f0-9f92-413ac7416675,13.954210606838481,7.732312209572771,7.073907124072241,3.7219222184242384,3.3520711507961756,6.816468367123844,3.5387921668275464,0.34645447966491805,0.3901067752777787,0.14311451116345095
02ea68cb-5ca6-11f0-a329-51a43a77a48d,bdb6bff1-a778-11f0-9f92-413ac7416675,,,,,,6.816468367123844,3.5387921668275464,0.34645447966491805,,0.14311451116345095
02ea68cb-5ca6-11f0-a329-51a43a77a48d,06270fb1-a779-11f0-9f92-413ac7416675,,,,,,6.816468367123844,3.5387921668275464,0.34645447966491805,,0.14311451116345095
02ea68cb-5ca6-11f0-a329-51a43a77a48d,0cd0d761-a779-11f0-9f92-413ac7416675,,,,,,6.816468367123844,3.5387921668275464,0.34645447966491805,,0.14311451116345095
02ea68cb-5ca6-11f0-a329-51a43a77a48d,32b68831-a779-11f0-9f92-413ac7416675,13.378382578801515,7.233832687748864,8.033408492041218,6.232166316779421,1.8020058268496255,6.864259683316184,5.063921997819476,0.19515410003039468,0.25314231456822445,0.013148365204414918
02ea68cb-5ca6-11f0-a329-51a43a77a48d,38044251-a779-11f0-9f92-413ac7416675,17.173378136752522,8.792174662664761,6.723734825229205,4.63450633832774,2.106706671561089,5.828584047605387,3.723839013706151,0.23173224927314795,0.30129743549255394,0.019509907723756287
02ea68cb-5ca6-11f0-a329-51a43a77a48d,4e08b401-a779-11f0-9f92-413ac7416675,13.772852632316726,7.357824114021292,9.332747130400566,8.771537208494301,0.6368045225970049,8.504300206366187,7.965338536433964,0.2891191409680189,0.3257946061960336,0.041213012695784194
02ea68cb-5ca6-11f0-a329-51a43a77a48d,5367fa51-a779-11f0-9f92-413ac7416675,15.044433263264105,8.09191036986468,6.298301517075854,4.349009312475658,1.9624392984242849,4.7078440925757095,2.75560882564997,0.439147599539055,0.5438729083266916,0.055497017262872
02ea68cb-5ca6-11f0-a329-51a43a77a48d,78a36161-a779-11f0-9f92-413ac7416675,,,,,,4.7078440925757095,2.75560882564997,0.439147599539055,,0.055497017262872
02ea68cb-5ca6-11f0-a329-51a43a77a48d,97a21a71-a779-11f0-9f92-413ac7416675,17.66125269413639,9.16155971004805,5.126960600589789,2.6128930326364346,2.5348264240377456,4.0310048375064,1.798967759577699,0.5328465193685613,0.6123876174272772,0.44992238210675783
02ea68cb-5ca6-11f0-a329-51a43a77a48d,9c68f151-a779-11f0-9f92-413ac7416675,,,,,,4.0310048375064,1.798967759577699,0.5328465193685613,,0.44992238210675783
02ea68cb-5ca6-11f0-a329-51a43a77a48d,bea45ed0-a779-11f0-9f92-413ac7416675,16.777301563475017,8.084974357828106,5.6597657195329205,2.913894987812705,2.7764444889102315,4.304167747660399,1.5556889149184037,0.31710031779351944,0.4396801859819135,0.15205058701833968
02ea68cb-5ca6-11f0-a329-51a43a77a48d,d3ce27f1-a779-11f0-9f92-413ac7416675,12.874143222020507,6.966127539954916,9.530245379842011,9.020281592056872,0.5107768593035493,9.18473211367648,8.67399844362449,0.31157405258942683,0.32105143063879504,0.0007441600582538985
02ea68cb-5ca6-11f0-a329-51a43a77a48d,dbc29811-a779-11f0-9f92-413ac7416675,28.211845201266495,16.548773560228103,4.570432364667483,2.5524554844306295,2.022662848820831,3.6014298549326216,1.725508041128758,5.654863919881631,0.7328013259191986,0.3045884306988566
02ea68cb-5ca6-11f0-a329-51a43a77a48d,e18f6d41-a779-11f0-9f92-413ac7416675,14.360661675289949,7.7449984196677635,5.810324775776307,3.223335539468392,2.586998647081209,4.995244638653846,2.420528248130972,0.4516454138196465,0.5400799565157273,0.07242651066795225
02ea68cb-5ca6-11f0-a329-51a43a77a48d,f6351241-a779-11f0-9f92-413ac7416675,,,,,,4.995244638653846,2.420528248130972,0.4516454138196465,,0.07242651066795225
02ea68cb-5ca6-11f0-a329-51a43a77a48d,15296b11-a77a-11f0-9f92-413ac7416675,13.361488318025122,6.941226986359031,7.735758592407084,5.7642623986074755,1.9715131244807895,7.372504187859102,5.411577404047731,0.2739624589617634,0.3122735970747259,0.032303785096422594
02ea68cb-5ca6-11f0-a329-51a43a77a48d,2ec645c1-a77a-11f0-9f92-413ac7416675,12.131204154891607,6.560874108739099,8.677214760509274,8.14824361442391,0.5620053380529402,7.255660204281895,6.7362367090238155,0.3371208959237233,5.87895904759221,0.030695952298846866
02ea68cb-5ca6-11f0-a329-51a43a77a48d,4f9ddd81-a77a-11f0-9f92-413ac7416675,19.21888461339457,9.026607406348402,4.940192911213083,2.5573323992003854,2.3910217481235927,4.143285894070067,1.8385399098197461,0.5145307625976199,5.615203027387011,0.23112974696011115
02ea68cb-5ca6-11f0-a329-51a43a77a48d,6bf82a81-a77a-11f0-9f92-413ac7416675,13.455804366304255,7.423827590691333,5.929756318770612,3.217098848341467,2.738970061902832,4.964008460911402,2.227759636944702,0.16289115164100876,0.24246162175479546,0.03670776668321064
02ea68cb-5ca6-11f0-a329-51a43a77a48d,83565fd1-a77a-11f0-9f92-413ac7416675,12.31822092690361,7.460629261705253,5.687315183810371,3.1600588602113096,2.568704342659933,4.978020891880627,2.411109703020582,0.3987817319478637,0.4931182792395936,0.027700146387245727
02ea68cb-5ca6-11f0-a329-51a43a77a48d,a8ff7cd0-a77a-11f0-9f92-413ac7416675,27.29898324521351,9.718541706975746,7.475063879325716,4.115411279568543,3.418102690089929,6.953483299757038,3.6326987213365225,0.3956423337537647,0.423603749092481,0.16130430822138522
02ea68cb-5ca6-11f0-a329-51a43a77a48d,ba5dbf01-a77a-11f0-9f92-413ac7416675,12.736749602223654,6.97499714031184,6.7635820391269,5.414586318454993,1.3510044411474007,5.267844435820025,3.9230447359162244,5.854919037515607,5.735105622333815,0.028450673512841976
02ea68cb-5ca6-11f0-a329-51a43a77a48d,d975cc71-a77a-11f0-9f92-413ac7416675,12.639096035031358,6.7802224636981006,8.738317114868286,7.921950896086139,0.8395546438439847,7.524840529871715,6.718375175591196,0.31615707069749444,0.3720227565691556,0.032824641828207574
02ea68cb-5ca6-11f0-a329-51a43a77a48d,f2af5171-a77a-11f0-9f92-413ac7416675,17.895755976495785,10.634505445695876,16.775552330698385,15.116224396323314,1.6863890417101242,16.67599271407852,15.008146354563578,0.17792483569028833,0.17926915070070865,0.01576442618218374
02ea68cb-5ca6-11f0-a329-51a43a77a48d,1b461881-a77b-11f0-9f92-413ac7416675,12.360493040863219,6.9499472150040305,6.497037863519036,5.323262251664857,1.1773911839316615,5.528987701198114,4.368927213859256,0.40268347453730335,0.48974169602552475,0.04095429595644115
02ea68cb-5ca6-11f0-a329-51a43a77a48d,2cfb0631-a77b-11f0-9f92-413ac7416675,13.361543256703149,6.9560656089186415,9.965900461072247,9.024393885463997,0.9430000000000018,9.054916951579402,8.124797843638941,0.294829831676404,0.32769222506510354,0.018109776250534837
02ea68cb-5ca6-11f0-a329-51a43a77a48d,47b49b81-a77b-11f0-9f92-413ac7416675,14.771349654013138,8.33478901870853,17.44711772757896,16.78220214989678,0.6661771536160621,17.411903571982013,16.74573456137413,0.16688494914446417,0.16915181000374518,0.00019289712163428945
02ea68cb-5ca6-11f0-a329-51a43a77a48d,4dc88bd1-a77b-11f0-9f92-413ac7416675,26.218575345519383,17.686086096286953,20.66900348347738,16.816628110296072,3.8603885814772587,20.302067702576505,16.478345942478576,6.138294464877636,6.136007828375909,0.029021624929231854
02ea68cb-5ca6-11f0-a329-51a43a77a48d,65a0ac10-a77b-11f0-9f92-413ac7416675,12.860402586578264,7.052544980054001,7.927997981836273,6.8423892026104465,1.1216996032806648,7.277532823697878,6.171205554832865,0.31917843093940046,0.3294653863341434,0.02761638524423096
02ea68cb-5ca6-11f0-a329-51a43a77a48d,6bd591e1-a77b-11f0-9f92-413ac7416675,17.333423453603963,11.052350055056277,7.383747693414232,6.12018316719361,1.2635727125891887,5.693352000359718,4.437242950301459,5.887547695320389,5.769044661394524,0.027284857713907623
02ea68cb-5ca6-11f0-a329-51a43a77a48d,8fdac2e1-a77b-11f0-9f92-413ac7416675,12.381792672685608,6.483677496326118,8.315026518298064,8.011389517430793,0.30948344059093247,7.566480621795053,7.2580620691752165,0.356952500674243,0.38938253387392474,0.003461422995529091
02ea68cb-5ca6-11f0-a329-51a43a77a48d,a8283a30-a77b-11f0-9f92-413ac7416675,,,,,,7.566480621795053,7.2580620691752165,0.356952500674243,,0.003461422995529091
02ea68cb-5ca6-11f0-a329-51a43a77a48d,e7b9b9d0-a77b-11f0-9f92-413ac7416675,16.204133001404596,8.861467842195065,16.05635188951712,15.559882004693995,0.5937844726834818,14.804078660963672,14.304476956533573,0.1555670095336712,0.16758877977353626,0.022052337573394774
02ea68cb-5ca6-11f0-a329-51a43a77a48d,38dcc0a0-a77c-11f0-9f92-413ac7416675,10.637745214443832,8.050143665167829,6.37437526350622,3.3562879793009417,3.0643898250712156,5.914955367540824,2.854186048595994,0.28338725726005665,0.3654953094571417,0.0362451773492561
02ea68cb-5ca6-11f0-a329-51a43a77a48d,4eaba361-a77c-11f0-9f92-413ac7416675,10.754450751471504,8.403906971288341,5.427797435424429,3.0186649366897282,2.4156963799285704,4.751644136506858,2.3716612321324475,0.4570849836981261,0.5674614474013508,0.12335826243651504
02ea68cb-5ca6-11f0-a329-51a43a77a48d,5ff0df50-a77c-11f0-9f92-413ac7416675,11.797227813008003,6.446361323070623,5.2267159861618655,3.1339818123275713,2.103068710242249,4.438975106936287,2.3856776814984904,0.5346171744497409,0.6496735882960141,0.13987922132837297
02ea68cb-5ca6-11f0-a329-51a43a77a48d,75a3fcb1-a77c-11f0-9f92-413ac7416675,11.790183506592525,7.334837976636053,12.996620560745782,12.324430412802046,0.7477894088578685,13.323955756456112,12.621925764319801,6.053502939049983,0.22229437506558014,0.019862089320333003
02ea68cb-5ca6-11f0-a329-51a43a77a48d,912e0161-a77c-11f0-9f92-413ac7416675,13.513570524839269,7.6118425880202505,5.483395389719766,2.730792009655807,2.7887810957477446,5.081469964488624,2.2992253043144815,0.27936642525919064,0.3800844464111066,0.055835324557460694
02ea68cb-5ca6-11f0-a329-51a43a77a48d,b47c1761-a77c-11f0-9f92-413ac7416675,17.399911361997336,10.109536545526678,5.919000675789787,3.1080741625643356,2.852727116287148,4.622872051008982,1.7990069482911966,0.4648112714810203,0.5977042017682803,0.14047270214736274
02ea68cb-5ca6-11f0-a329-51a43a77a48d,b8027f01-a77c-11f0-9f92-413ac7416675,17.399911361997336,10.109536545526678,5.919000675789787,3.1080741625643356,2.852727116287148,4.622872051008982,1.7990069482911966,0.4648112714810203,0.5977042017682803,0.14047270214736274
02ea68cb-5ca6-11f0-a329-51a43a77a48d,c9596e31-a77c-11f0-9f92-413ac7416675,9.28017704291634,7.043373692107492,6.720714842931516,4.735986697616453,2.0368804579552524,6.512369154155805,4.604188745045103,0.3754101085817929,0.4097234509755885,0.13021980459369534
02ea68cb-5ca6-11f0-a329-51a43a77a48d,fac96011-a77c-11f0-9f92-413ac7416675,13.649232248934494,7.0108819398149995,9.975958349953151,8.687925644249036,1.2954200091090116,8.681174344522748,7.389092028118205,0.2566188038312112,0.28907299733807656,0.01160329165312228
02ea68cb-5ca6-11f0-a329-51a43a77a48d,0d11db31-a77d-11f0-9f92-413ac7416675,10.96478838443889,7.204684233134508,6.913854641225834,4.00607351405338,2.934941396348486,5.796361789950658,2.9889143513991825,0.18751268918370756,0.2761301069858506,0.20593221623949048
02ea68cb-5ca6-11f0-a329-51a43a77a48d,1da79d41-a77d-11f0-9f92-413ac7416675,13.633025914695795,7.176486633061212,9.12322667700414,8.533340377601261,0.6117360541933086,7.939439841701681,7.3635574283086855,0.31405809403646734,0.3661023637062205,0.02698854757502382
02ea68cb-5ca6-11f0-a329-51a43a77a48d,41ece480-a77d-11f0-9f92-413ac7416675,,,,,,7.939439841701681,7.3635574283086855,0.31405809403646734,,0.02698854757502382
02ea68cb-5ca6-11f0-a329-51a43a77a48d,804228b0-a77f-11f0-9f92-413ac7416675,,,,,,7.939439841701681,7.3635574283086855,0.31405809403646734,,0.02698854757502382
02ea68cb-5ca6-11f0-a329-51a43a77a48d,93601c41-a77f-11f0-9f92-413ac7416675,12.647090363712943,6.99184355817665,7.514080249771089,6.788105847731012,0.7390676559016773,6.073083072048334,5.354018397428237,0.38682625038757384,0.47884137489059375,0.029951427576637085
02ea68cb-5ca6-11f0-a329-51a43a77a48d,b47c3711-a77f-11f0-9f92-413ac7416675,13.192350110961181,6.777237022094608,8.820307704383108,8.749679365553916,0.32268405600525024,7.829726559720972,7.757685544026646,0.3322135429396331,5.910187728635055,0.04036131212108275
02ea68cb-5ca6-11f0-a329-51a43a77a48d,bcf4f261-a77f-11f0-9f92-413ac7416675,19.313954599158052,8.46465347118024,15.022939026701797,14.580253530031635,0.44346363999768923,13.591710782679273,13.150164485663288,0.1989841171107904,0.2198220212063321,0.003081211389146018
02ea68cb-5ca6-11f0-a329-51a43a77a48d,d31cf1a1-a77f-11f0-9f92-413ac7416675,21.538118561680356,11.375684090554754,6.418081411138379,3.6886844538398784,2.7521308108445726,6.293843499802009,3.5833629456140774,0.36680235849916465,0.3832263507788031,0.10048201694354233
02ea68cb-5ca6-11f0-a329-51a43a77a48d,d8d04b61-a77f-11f0-9f92-413ac7416675,13.35584373572455,7.181700863443913,6.658423386958807,3.741664068299024,2.9173611363696472,5.9480545559031315,3.07564383503682,0.19433391601215133,0.2822988417256629,0.11934379762130044
02ea68cb-5ca6-11f0-a329-51a43a77a48d,e4b381e1-a77f-11f0-9f92-413ac7416675,12.478396928650653,6.581966605268183,8.869364633388349,8.156325888535841,0.7158191112285315,7.23192989457171,6.516802053154595,0.2960763232216197,0.37041907816713765,0.0045813299800980655
02ea68cb-5ca6-11f0-a329-51a43a77a48d,0dad7790-a780-11f0-9f92-413ac7416675,29.608976148785068,8.899274768371983,7.414599247430706,4.431499069163841,2.9895822450636813,6.003352480073113,3.0277022640940117,5.884140048000629,5.79510678802081,0.06763167465224972
02ea68cb-5ca6-11f0-a329-51a43a77a48d,1ae7b291-a780-11f0-9f92-413ac7416675,12.283758349092393,6.096253800257398,8.148782056233925,7.853280206385099,0.3288662342047296,6.817829126635545,6.533001224552158,5.924376965308254,5.852458740653073,0.02463332135761783
02ea68cb-5ca6-11f0-a329-51a43a77a48d,3444ec31-a780-11f0-9f92-413ac7416675,19.48369328220544,8.001416210796299,18.266417519590423,17.900150669756943,0.5771698190307598,17.653149322429694,17.267542847782366,0.16222511705591944,0.16662971394336853,0.024598208590467126
02ea68cb-5ca6-11f0-a329-51a43a77a48d,56b35091-a780-11f0-9f92-413ac7416675,12.812488612895075,6.364693310181411,9.068262567879252,8.888603152351893,0.2896756807189715,8.122081321927281,7.956637543585858,0.3091393696502749,0.3510388135722571,0.02957989644449737
02ea68cb-5ca6-11f0-a329-51a43a77a48d,6d832890-a780-11f0-9f92-413ac7416675,13.627779450953565,8.092954249522034,5.3068794031897895,2.9069165794704204,2.4139040991721274,3.517310904654291,1.525900717609109,0.31483509868102544,0.6613964801938288,0.597743737400089
02ea68cb-5ca6-11f0-a329-51a43a77a48d,73851781-a780-11f0-9f92-413ac7416675,12.933464539719694,6.609855539354441,8.11579891323091,8.102444692807227,0.2503797116381436,7.1701763576637365,7.183258383213012,0.3564524141042211,5.873820079730047,0.034841900143421416
02ea68cb-5ca6-11f0-a329-51a43a77a48d,7dcf1061-a780-11f0-9f92-413ac7416675,13.43961437372529,7.560240898143247,5.743621592688709,3.2953728165413962,2.4533782831027118,5.154739275656917,2.8125920429383258,0.3601049019048589,0.4646776626481383,0.19210666014221078
02ea68cb-5ca6-11f0-a329-51a43a77a48d,9cbbef21-a780-11f0-9f92-413ac7416675,19.487504249313925,12.5486762425317,4.950383621498438,2.6474006119210585,2.3037013695355575,3.3997449904367807,1.3568942479058541,0.5796659335137939,0.827991192757622,0.50098355420783
02ea68cb-5ca6-11f0-a329-51a43a77a48d,ca0cbbd1-a780-11f0-9f92-413ac7416675,14.05916321242116,8.087840537995161,7.654968386610097,5.469733540127892,2.1972173310803824,6.515546408398915,4.320780137891768,0.2883349878062882,0.2995676392329396,0.019554998707578077
02ea68cb-5ca6-11f0-a329-51a43a77a48d,f34b3490-a780-11f0-9f92-413ac7416675,12.90560136727872,6.943131786042613,7.163671963455615,4.501777426750461,2.668624364724268,5.977382202938007,3.3108563846835777,0.28342674670734014,0.3711338767401271,0.02378576771168977
02ea68cb-5ca6-11f0-a329-51a43a77a48d,0acf8f81-a781-11f0-9f92-413ac7416675,14.0006672861981,7.524782869753823,6.590138390049181,3.703460138843133,2.8927282969542785,5.780802106974429,2.9120388046865036,0.17082984953555136,0.26397283110927683,0.09059662912170063
02ea68cb-5ca6-11f0-a329-51a43a77a48d,13732b61-a781-11f0-9f92-413ac7416675,12.85251863788412,6.75949165407815,6.969301901912416,5.369520742114702,1.6068758508360241,5.847379327527847,4.240521783931786,0.2902610679699985,0.3784876694139724,0.0015403737870344732
02ea68cb-5ca6-11f0-a329-51a43a77a48d,5a7ce641-a781-11f0-9f92-413ac7416675,13.258525366072385,7.493667379799965,6.678501703226555,4.211867281859673,2.4666473197439482,5.761623816251804,3.295066918895578,0.24855114024580782,0.28721524674627474,0.004847283140617718
02ea68cb-5ca6-11f0-a329-51a43a77a48d,760bccf1-a781-11f0-9f92-413ac7416675,12.747863209628926,7.089109978835654,6.834832624139381,4.7644123457148435,2.074963132202593,6.506251147934577,4.45825526411398,0.2763801512401107,0.317468388470755,0.06192190886074848
02ea68cb-5ca6-11f0-a329-51a43a77a48d,92690020-a781-11f0-9f92-413ac7416675,12.834651177438243,7.2861846713802505,8.8695398978752,7.692244015890292,1.221980359907638,7.683881441042671,6.518591412260781,0.2990432535949714,0.3496626229501669,0.05198607154193975
02ea68cb-5ca6-11f0-a329-51a43a77a48d,b6b7bd40-a781-11f0-9f92-413ac7416675,12.543912461839053,6.975803407006953,8.58809670415978,7.790618460687189,0.8370955739937953,8.295243998822457,7.513764702198224,0.3223906280602232,0.3399852294028848,0.038005820718790904
02ea68cb-5ca6-11f0-a329-51a43a77a48d,bffe4fe1-a781-11f0-9f92-413ac7416675,14.12056078524988,7.598386604650296,5.564593875567201,2.5505595464525044,3.0546530081172882,4.931158281783298,1.8770095897464145,0.27523177832743917,0.3754358321403002,0.01824432196941728
02ea68cb-5ca6-11f0-a329-51a43a77a48d,c67d0ff0-a781-11f0-9f92-413ac7416675,14.578307708087662,7.302357903436045,5.959082227994509,4.238094147137364,1.733650772214522,5.3194996005263535,3.698006625196878,0.4699454729870268,0.5455345321041283,0.13841967822899903
02ea68cb-5ca6-11f0-a329-51a43a77a48d,cb5ffa51-a781-11f0-9f92-413ac7416675,13.289474402770427,8.902352411720054,8.551202254654019,6.344850274041145,2.206636580862377,7.673628867752206,5.467003292481174,0.2587113454397518,0.2930374999441594,0.0010759981192111148
02ea68cb-5ca6-11f0-a329-51a43a77a48d,1ccd0270-a782-11f0-9f92-413ac7416675,24.180299900854283,8.948924547962287,7.283223256223852,4.335285919060008,2.982123572221649,6.98080432328539,4.033769948819588,0.40581562887515976,0.422894483297965,0.08598223344033512
02ea68cb-5ca6-11f0-a329-51a43a77a48d,5f44b210-a782-11f0-9f92-413ac7416675,17.44600092841987,8.220666520371202,5.391255883372633,2.9597584360890026,2.446089532294351,4.6411572910212815,2.2106698079993765,0.5422988509225349,0.6153991479629167,0.08614053482457348
02ea68cb-5ca6-11f0-a329-51a43a77a48d,8b712301-a782-11f0-9f92-413ac7416675,13.899072036883888,7.345643408950614,6.040990647236593,2.9974010409019343,3.0861181118032404,4.457431210910607,1.4131553347031607,0.25635486919119255,0.373564898180194,0.20214081496458272
02ea68cb-5ca6-11f0-a329-51a43a77a48d,95225e51-a782-11f0-9f92-413ac7416675,12.645455063613483,6.511897564663691,6.483365175585901,4.655899053888516,1.8479664499119048,5.53725356110771,3.791799704625759,0.39764316003206907,0.49594946435156506,0.1325533514541586
02ea68cb-5ca6-11f0-a329-51a43a77a48d,b6cf9591-a782-11f0-9f92-413ac7416675,14.008603183813767,6.881523181858197,6.619009971287247,3.999326568311221,2.621243216490983,5.626121665943601,3.020424639020151,0.3004958914543048,0.31309164921016874,0.06916458145994474
02ea68cb-5ca6-11f0-a329-51a43a77a48d,d97361d1-a782-11f0-9f92-413ac7416675,13.671109500024718,7.944753409745771,6.870534185927612,3.856036955217105,3.032200026383484,5.527171518959765,2.561023623475582,0.2398099791330912,0.2748461593951588,0.16749767341747865
02ea68cb-5ca6-11f0-a329-51a43a77a48d,edf2e131-a782-11f0-9f92-413ac7416675,13.406794743335562,8.190165278047148,5.489127617390583,2.742001641137366,2.7586368010305375,4.437028284787015,1.6941030074939367,0.47683704736324006,0.5883672519037318,0.1072863482823299
02ea68cb-5ca6-11f0-a329-51a43a77a48d,f773e4c1-a782-11f0-9f92-413ac7416675,20.582632881363704,14.358397968762997,5.267743824447046,3.8763365436968975,1.3934740758263122,4.791094342631966,3.418614485431201,0.5522870900666962,0.6050565981594122,0.059551688483328105
02ea68cb-5ca6-11f0-a329-51a43a77a48d,10f4abf1-a783-11f0-9f92-413ac7416675,13.090071838319304,6.602436289341045,8.095669089087078,7.693376891846649,0.550514304991251,6.908045454395911,6.562778832171628,0.3515105140126713,5.860697055128123,0.06369303917813268
02ea68cb-5ca6-11f0-a329-51a43a77a48d,4d25c281-a783-11f0-9f92-413ac7416675,26.206659085281128,15.460524502127125,8.60394060881408,6.654688948403225,1.9945087114374793,7.672733606740168,5.700129296779153,0.3426541242316535,0.38007487264525713,0.04457809742480472
02ea68cb-5ca6-11f0-a329-51a43a77a48d,606288b1-a783-11f0-9f92-413ac7416675,13.053520232284514,6.657886066119068,8.408187081648459,7.986384225668084,0.42635783093547136,8.106316364416084,7.680802692427401,0.34148671815467635,0.3456608758879569,0.003398476640171994
02ea68cb-5ca6-11f0-a329-51a43a77a48d,6b4f0321-a783-11f0-9f92-413ac7416675,25.142819587617197,16.2711337251928,6.132906081133148,4.046385300487331,2.0887644673347,5.0886844075851245,3.0667653969614244,0.4774799587031138,0.5695647661015142,0.13279112972977555
02ea68cb-5ca6-11f0-a329-51a43a77a48d,75639421-a783-11f0-9f92-413ac7416675,13.31346031936715,6.68101169458344,7.413072305056791,6.933114163202565,0.4958679259641623,6.375900328581055,5.889388762851372,5.8883917691366054,5.82306562981631,0.015645580056991442
02ea68cb-5ca6-11f0-a329-51a43a77a48d,7c6b8161-a783-11f0-9f92-413ac7416675,26.14973487474337,17.64925745416591,23.59613739576882,22.420186796724064,1.179574499554815,22.5548864993819,21.380931902047678,0.12278157782544741,0.12778844675671783,0.005237101895769271
02ea68cb-5ca6-11f0-a329-51a43a77a48d,cdb9ddf0-a783-11f0-9f92-413ac7416675,13.52957227639727,6.7116532472161525,9.004000222123498,8.606018824055639,0.3985021957279533,8.106105600101692,7.707619606597098,5.953032049751705,5.917814976060384,0.0004546183788414971
02ea68cb-5ca6-11f0-a329-51a43a77a48d,ef31ad50-a783-11f0-9f92-413ac7416675,13.184984635302927,6.830632613332075,10.064464715025832,9.080231825234419,0.9842357441182475,9.895745803121661,8.916904451658098,0.2623304962661872,0.2793145873323999,0.010954960232171133
02ea68cb-5ca6-11f0-a329-51a43a77a48d,0734fc41-a784-11f0-9f92-413ac7416675,14.110176518959852,7.42781395478326,6.532690793233673,3.4479147321243317,3.1038236096788743,6.102362247523494,3.0178392932692755,0.19060269841207877,0.2743897292669679,0.08055522720900649
02ea68cb-5ca6-11f0-a329-51a43a77a48d,53595351-a784-11f0-9f92-413ac7416675,11.74301675702277,6.771701085765287,5.221984775925722,2.897957901695607,2.325356961844783,3.9561112218945547,1.8089347694154183,0.5141106269676075,0.7182500975046332,0.33527191988220917
02ea68cb-5ca6-11f0-a329-51a43a77a48d,7cf33281-a784-11f0-9f92-413ac7416675,12.603154314083012,6.963253313071149,6.5270824263218845,4.311353615745289,2.222936121439391,5.347263412251167,3.1245487674222656,0.21369745158456255,0.2929895568908216,0.0076766763172001415
02ea68cb-5ca6-11f0-a329-51a43a77a48d,8dbbeb71-a784-11f0-9f92-413ac7416675,13.003228218553044,7.121181471435409,7.356885482321986,5.206482497809822,2.158089896181343,5.5502714348038875,3.3923026103223757,0.27185257063195367,0.3881446883363959,0.005268185878754818
02ea68cb-5ca6-11f0-a329-51a43a77a48d,a13fa5b0-a784-11f0-9f92-413ac7416675,12.928299725879414,6.89071545949958,9.185154816332712,8.511825773592884,0.7798878124448387,8.4521143508592,7.79293231075441,0.31809254283027055,0.34702923440932837,0.05135935446720098
02ea68cb-5ca6-11f0-a329-51a43a77a48d,bb4c5930-a784-11f0-9f92-413ac7416675,,,,,,8.4521143508592,7.79293231075441,0.31809254283027055,,0.05135935446720098
02ea68cb-5ca6-11f0-a329-51a43a77a48d,c2b4b5f1-a784-11f0-9f92-413ac7416675,12.167240413097517,7.327646394716589,6.9990845830008395,4.806375037385245,2.2734242894805194,5.3512040701135675,3.1980564410278935,0.3375510861197227,0.4526211430583782,0.17661199863714389
02ea68cb-5ca6-11f0-a329-51a43a77a48d,eeac5b40-a784-11f0-9f92-413ac7416675,28.03771027507338,10.165366495669787,6.847468437313165,3.7753231649754166,3.0802728775223795,5.59442981902535,2.5300474303854465,5.852738295922991,5.7599136162236935,0.08308068229890057
02ea68cb-5ca6-11f0-a329-51a43a77a48d,fd2b9961-a784-11f0-9f92-413ac7416675,13.622419361985395,7.219824157247202,6.421572704563891,5.8219650462708925,0.6149967479588786,8.10002876538102,7.512233289774755,0.45699159494517994,0.3612151355714374,0.023188455969321675
